[{"Country":"Belgium","CountryCode":"","Province":"","City":"","CityCode":"","Lat":"0","Lon":"0","Cases":1,"Status":"recovered","Date":"2020-03-01T00:00:00Z"},{"Country":"Belgium","CountryCode":"","Province":"","City":"","CityCode":"","Lat":"0","Lon":"0","Cases":1,"Status":"recovered","Date":"2020-03-02T00:00:00Z"},{"Country":"Belgium","CountryCode":"","Province":"","City":"","CityCode":"","Lat":"0","Lon":"0","Cases":1,"Status":"recovered","Date":"2020-03-03T00:00:00Z"},{"Country":"Belgium","CountryCode":"","Province":"","City":"","CityCode":"","Lat":"0","Lon":"0","Cases":1,"Status":"recovered","Date":"2020-03-04T00:00:00Z"},{"Country":"Belgium","CountryCode":"","Province":"","City":"","CityCode":"","Lat":"0","Lon":"0","Cases":1,"Status":"recovered","Date":"2020-03-05T00:00:00Z"},{"Country":"Belgium","CountryCode":"","Province":"","City":"","CityCode":"","Lat":"0","Lon":"0","Cases":1,"Status":"recovered","Date":"2020-03-06T00:00:00Z"},{"Country":"Belgium","CountryCode":"","Province":"","City":"","CityCode":"","Lat":"0","Lon":"0","Cases":1,"Status":"recovered","Date":"2020-03-07T00:00:00Z"},{"Country":"Belgium","CountryCode":"","Province":"","City":"","CityCode":"","Lat":"0","Lon":"0","Cases":1,"Status":"recovered","Date":"2020-03-08T00:00:00Z"},{"Country":"Belgium","CountryCode":"","Province":"","City":"","CityCode":"","Lat":"0","Lon":"0","Cases":1,"Status":"recovered","Date":"2020-03-09T00:00:00Z"},{"Country":"Belgium","CountryCode":"","Province":"","City":"","CityCode":"","Lat":"0","Lon":"0","Cases":1,"Status":"recovered","Date":"2020-03-10T00:00:00Z"},{"Country":"Belgium","CountryCode":"","Province":"","City":"","CityCode":"","Lat":"0","Lon":"0","Cases":1,"Status":"recovered","Date":"2020-03-11T00:00:00Z"},{"Country":"Belgium","CountryCode":"","Province":"","City":"","CityCode":"","Lat":"0","Lon":"0","Cases":1,"Status":"recovered","Date":"2020-03-12T00:00:00Z"},{"Country":"Belgium","CountryCode":"","Province":"","City":"","CityCode":"","Lat":"0","Lon":"0","Cases":1,"Status":"recovered","Date":"2020-03-13T00:00:00Z"},{"Country":"Belgium","CountryCode":"","Province":"","City":"","CityCode":"","Lat":"0","Lon":"0","Cases":1,"Status":"recovered","Date":"2020-03-14T00:00:00Z"},{"Country":"Belgium","CountryCode":"","Province":"","City":"","CityCode":"","Lat":"0","Lon":"0","Cases":1,"Status":"recovered","Date":"2020-03-15T00:00:00Z"},{"Country":"Belgium","CountryCode":"","Province":"","City":"","CityCode":"","Lat":"0","Lon":"0","Cases":1,"Status":"recovered","Date":"2020-03-16T00:00:00Z"},{"Country":"Belgium","CountryCode":"","Province":"","City":"","CityCode":"","Lat":"0","Lon":"0","Cases":1,"Status":"recovered","Date":"2020-03-17T00:00:00Z"},{"Country":"Belgium","CountryCode":"","Province":"","City":"","CityCode":"","Lat":"0","Lon":"0","Cases":31,"Status":"recovered","Date":"2020-03-18T00:00:00Z"},{"Country":"Belgium","CountryCode":"","Province":"","City":"","CityCode":"","Lat":"0","Lon":"0","Cases":31,"Status":"recovered","Date":"2020-03-19T00:00:00Z"},{"Country":"Belgium","CountryCode":"","Province":"","City":"","CityCode":"","Lat":"0","Lon":"0","Cases":1,"Status":"recovered","Date":"2020-03-20T00:00:00Z"},{"Country":"Belgium","CountryCode":"","Province":"","City":"","CityCode":"","Lat":"0","Lon":"0","Cases":263,"Status":"recovered","Date":"2020-03-21T00:00:00Z"},{"Country":"Belgium","CountryCode":"","Province":"","City":"","CityCode":"","Lat":"0","Lon":"0","Cases":263,"Status":"recovered","Date":"2020-03-22T00:00:00Z"},{"Country":"Belgium","CountryCode":"","Province":"","City":"","CityCode":"","Lat":"0","Lon":"0","Cases":263,"Status":"recovered","Date":"2020-03-23T00:00:00Z"},{"Country":"Belgium","CountryCode":"","Province":"","City":"","CityCode":"","Lat":"0","Lon":"0","Cases":461,"Status":"recovered","Date":"2020-03-24T00:00:00Z"},{"Country":"Belgium","CountryCode":"","Province":"","City":"","CityCode":"","Lat":"0","Lon":"0","Cases":547,"Status":"recovered","Date":"2020-03-25T00:00:00Z"},{"Country":"Belgium","CountryCode":"","Province":"","City":"","CityCode":"","Lat":"0","Lon":"0","Cases":675,"Status":"recovered","Date":"2020-03-26T00:00:00Z"},{"Country":"Belgium","CountryCode":"","Province":"","City":"","CityCode":"","Lat":"0","Lon":"0","Cases":858,"Status":"recovered","Date":"2020-03-27T00:00:00Z"},{"Country":"Belgium","CountryCode":"","Province":"","City":"","CityCode":"","Lat":"0","Lon":"0","Cases":1063,"Status":"recovered","Date":"2020-03-28T00:00:00Z"},{"Country":"Belgium","CountryCode":"","Province":"","City":"","CityCode":"","Lat":"0","Lon":"0","Cases":1359,"Status":"recovered","Date":"2020-03-29T00:00:00Z"},{"Country":"Belgium","CountryCode":"","Province":"","City":"","CityCode":"","Lat":"0","Lon":"0","Cases":1527,"Status":"recovered","Date":"2020-03-30T00:00:00Z"},{"Country":"Belgium","CountryCode":"","Province":"","City":"","CityCode":"","Lat":"0","Lon":"0","Cases":1696,"Status":"recovered","Date":"2020-03-31T00:00:00Z"},{"Country":"Belgium","CountryCode":"","Province":"","City":"","CityCode":"","Lat":"0","Lon":"0","Cases":2132,"Status":"recovered","Date":"2020-04-01T00:00:00Z"},{"Country":"Belgium","CountryCode":"","Province":"","City":"","CityCode":"","Lat":"0","Lon":"0","Cases":2495,"Status":"recovered","Date":"2020-04-02T00:00:00Z"},{"Country":"Belgium","CountryCode":"","Province":"","City":"","CityCode":"","Lat":"0","Lon":"0","Cases":2872,"Status":"recovered","Date":"2020-04-03T00:00:00Z"},{"Country":"Belgium","CountryCode":"","Province":"","City":"","CityCode":"","Lat":"0","Lon":"0","Cases":3247,"Status":"recovered","Date":"2020-04-04T00:00:00Z"},{"Country":"Belgium","CountryCode":"","Province":"","City":"","CityCode":"","Lat":"0","Lon":"0","Cases":3751,"Status":"recovered","Date":"2020-04-05T00:00:00Z"},{"Country":"Belgium","CountryCode":"","Province":"","City":"","CityCode":"","Lat":"0","Lon":"0","Cases":3986,"Status":"recovered","Date":"2020-04-06T00:00:00Z"},{"Country":"Belgium","CountryCode":"","Province":"","City":"","CityCode":"","Lat":"0","Lon":"0","Cases":4157,"Status":"recovered","Date":"2020-04-07T00:00:00Z"},{"Country":"Belgium","CountryCode":"","Province":"","City":"","CityCode":"","Lat":"0","Lon":"0","Cases":4681,"Status":"recovered","Date":"2020-04-08T00:00:00Z"},{"Country":"Belgium","CountryCode":"","Province":"","City":"","CityCode":"","Lat":"0","Lon":"0","Cases":5164,"Status":"recovered","Date":"2020-04-09T00:00:00Z"},{"Country":"Belgium","CountryCode":"","Province":"","City":"","CityCode":"","Lat":"0","Lon":"0","Cases":5568,"Status":"recovered","Date":"2020-04-10T00:00:00Z"},{"Country":"Belgium","CountryCode":"","Province":"","City":"","CityCode":"","Lat":"0","Lon":"0","Cases":5986,"Status":"recovered","Date":"2020-04-11T00:00:00Z"},{"Country":"Belgium","CountryCode":"","Province":"","City":"","CityCode":"","Lat":"0","Lon":"0","Cases":6463,"Status":"recovered","Date":"2020-04-12T00:00:00Z"},{"Country":"Belgium","CountryCode":"","Province":"","City":"","CityCode":"","Lat":"0","Lon":"0","Cases":6707,"Status":"recovered","Date":"2020-04-13T00:00:00Z"},{"Country":"Belgium","CountryCode":"","Province":"","City":"","CityCode":"","Lat":"0","Lon":"0","Cases":6868,"Status":"recovered","Date":"2020-04-14T00:00:00Z"},{"Country":"Belgium","CountryCode":"","Province":"","City":"","CityCode":"","Lat":"0","Lon":"0","Cases":7107,"Status":"recovered","Date":"2020-04-15T00:00:00Z"},{"Country":"Belgium","CountryCode":"","Province":"","City":"","CityCode":"","Lat":"0","Lon":"0","Cases":7562,"Status":"recovered","Date":"2020-04-16T00:00:00Z"},{"Country":"Belgium","CountryCode":"","Province":"","City":"","CityCode":"","Lat":"0","Lon":"0","Cases":7961,"Status":"recovered","Date":"2020-04-17T00:00:00Z"},{"Country":"Belgium","CountryCode":"","Province":"","City":"","CityCode":"","Lat":"0","Lon":"0","Cases":8348,"Status":"recovered","Date":"2020-04-18T00:00:00Z"},{"Country":"Belgium","CountryCode":"","Province":"","City":"","CityCode":"","Lat":"0","Lon":"0","Cases":8757,"Status":"recovered","Date":"2020-04-19T00:00:00Z"},{"Country":"Belgium","CountryCode":"","Province":"","City":"","CityCode":"","Lat":"0","Lon":"0","Cases":8895,"Status":"recovered","Date":"2020-04-20T00:00:00Z"},{"Country":"Belgium","CountryCode":"","Province":"","City":"","CityCode":"","Lat":"0","Lon":"0","Cases":9002,"Status":"recovered","Date":"2020-04-21T00:00:00Z"},{"Country":"Belgium","CountryCode":"","Province":"","City":"","CityCode":"","Lat":"0","Lon":"0","Cases":9433,"Status":"recovered","Date":"2020-04-22T00:00:00Z"},{"Country":"Belgium","CountryCode":"","Province":"","City":"","CityCode":"","Lat":"0","Lon":"0","Cases":9800,"Status":"recovered","Date":"2020-04-23T00:00:00Z"},{"Country":"Belgium","CountryCode":"","Province":"","City":"","CityCode":"","Lat":"0","Lon":"0","Cases":10122,"Status":"recovered","Date":"2020-04-24T00:00:00Z"},{"Country":"Belgium","CountryCode":"","Province":"","City":"","CityCode":"","Lat":"0","Lon":"0","Cases":10417,"Status":"recovered","Date":"2020-04-25T00:00:00Z"},{"Country":"Belgium","CountryCode":"","Province":"","City":"","CityCode":"","Lat":"0","Lon":"0","Cases":10785,"Status":"recovered","Date":"2020-04-26T00:00:00Z"},{"Country":"Belgium","CountryCode":"","Province":"","City":"","CityCode":"","Lat":"0","Lon":"0","Cases":10878,"Status":"recovered","Date":"2020-04-27T00:00:00Z"},{"Country":"Belgium","CountryCode":"","Province":"","City":"","CityCode":"","Lat":"0","Lon":"0","Cases":10943,"Status":"recovered","Date":"2020-04-28T00:00:00Z"},{"Country":"Belgium","CountryCode":"","Province":"","City":"","CityCode":"","Lat":"0","Lon":"0","Cases":11283,"Status":"recovered","Date":"2020-04-29T00:00:00Z"},{"Country":"Belgium","CountryCode":"","Province":"","City":"","CityCode":"","Lat":"0","Lon":"0","Cases":11576,"Status":"recovered","Date":"2020-04-30T00:00:00Z"},{"Country":"Belgium","CountryCode":"","Province":"","City":"","CityCode":"","Lat":"0","Lon":"0","Cases":11892,"Status":"recovered","Date":"2020-05-01T00:00:00Z"},{"Country":"Belgium","CountryCode":"","Province":"","City":"","CityCode":"","Lat":"0","Lon":"0","Cases":12211,"Status":"recovered","Date":"2020-05-02T00:00:00Z"},{"Country":"Belgium","CountryCode":"","Province":"","City":"","CityCode":"","Lat":"0","Lon":"0","Cases":12309,"Status":"recovered","Date":"2020-05-03T00:00:00Z"},{"Country":"Belgium","CountryCode":"","Province":"","City":"","CityCode":"","Lat":"0","Lon":"0","Cases":12378,"Status":"recovered","Date":"2020-05-04T00:00:00Z"},{"Country":"Belgium","CountryCode":"","Province":"","City":"","CityCode":"","Lat":"0","Lon":"0","Cases":12441,"Status":"recovered","Date":"2020-05-05T00:00:00Z"},{"Country":"Belgium","CountryCode":"","Province":"","City":"","CityCode":"","Lat":"0","Lon":"0","Cases":12731,"Status":"recovered","Date":"2020-05-06T00:00:00Z"},{"Country":"Belgium","CountryCode":"","Province":"","City":"","CityCode":"","Lat":"0","Lon":"0","Cases":12980,"Status":"recovered","Date":"2020-05-07T00:00:00Z"},{"Country":"Belgium","CountryCode":"","Province":"","City":"","CityCode":"","Lat":"0","Lon":"0","Cases":13201,"Status":"recovered","Date":"2020-05-08T00:00:00Z"},{"Country":"Belgium","CountryCode":"","Province":"","City":"","CityCode":"","Lat":"0","Lon":"0","Cases":13411,"Status":"recovered","Date":"2020-05-09T00:00:00Z"},{"Country":"Belgium","CountryCode":"","Province":"","City":"","CityCode":"","Lat":"0","Lon":"0","Cases":13642,"Status":"recovered","Date":"2020-05-10T00:00:00Z"},{"Country":"Belgium","CountryCode":"","Province":"","City":"","CityCode":"","Lat":"0","Lon":"0","Cases":13697,"Status":"recovered","Date":"2020-05-11T00:00:00Z"},{"Country":"Belgium","CountryCode":"","Province":"","City":"","CityCode":"","Lat":"0","Lon":"0","Cases":13732,"Status":"recovered","Date":"2020-05-12T00:00:00Z"},{"Country":"Belgium","CountryCode":"","Province":"","City":"","CityCode":"","Lat":"0","Lon":"0","Cases":13937,"Status":"recovered","Date":"2020-05-13T00:00:00Z"},{"Country":"Belgium","CountryCode":"","Province":"","City":"","CityCode":"","Lat":"0","Lon":"0","Cases":14111,"Status":"recovered","Date":"2020-05-14T00:00:00Z"},{"Country":"Belgium","CountryCode":"","Province":"","City":"","CityCode":"","Lat":"0","Lon":"0","Cases":14301,"Status":"recovered","Date":"2020-05-15T00:00:00Z"},{"Country":"Belgium","CountryCode":"","Province":"","City":"","CityCode":"","Lat":"0","Lon":"0","Cases":14460,"Status":"recovered","Date":"2020-05-16T00:00:00Z"},{"Country":"Belgium","CountryCode":"","Province":"","City":"","CityCode":"","Lat":"0","Lon":"0","Cases":14630,"Status":"recovered","Date":"2020-05-17T00:00:00Z"},{"Country":"Belgium","CountryCode":"","Province":"","City":"","CityCode":"","Lat":"0","Lon":"0","Cases":14657,"Status":"recovered","Date":"2020-05-18T00:00:00Z"},{"Country":"Belgium","CountryCode":"","Province":"","City":"","CityCode":"","Lat":"0","Lon":"0","Cases":14687,"Status":"recovered","Date":"2020-05-19T00:00:00Z"},{"Country":"Belgium","CountryCode":"","Province":"","City":"","CityCode":"","Lat":"0","Lon":"0","Cases":14847,"Status":"recovered","Date":"2020-05-20T00:00:00Z"},{"Country":"Belgium","CountryCode":"","Province":"","City":"","CityCode":"","Lat":"0","Lon":"0","Cases":14988,"Status":"recovered","Date":"2020-05-21T00:00:00Z"},{"Country":"Belgium","CountryCode":"","Province":"","City":"","CityCode":"","Lat":"0","Lon":"0","Cases":15123,"Status":"recovered","Date":"2020-05-22T00:00:00Z"},{"Country":"Belgium","CountryCode":"","Province":"","City":"","CityCode":"","Lat":"0","Lon":"0","Cases":15155,"Status":"recovered","Date":"2020-05-23T00:00:00Z"},{"Country":"Belgium","CountryCode":"","Province":"","City":"","CityCode":"","Lat":"0","Lon":"0","Cases":15272,"Status":"recovered","Date":"2020-05-24T00:00:00Z"},{"Country":"Belgium","CountryCode":"","Province":"","City":"","CityCode":"","Lat":"0","Lon":"0","Cases":15297,"Status":"recovered","Date":"2020-05-25T00:00:00Z"},{"Country":"Belgium","CountryCode":"","Province":"","City":"","CityCode":"","Lat":"0","Lon":"0","Cases":15320,"Status":"recovered","Date":"2020-05-26T00:00:00Z"},{"Country":"Belgium","CountryCode":"","Province":"","City":"","CityCode":"","Lat":"0","Lon":"0","Cases":15465,"Status":"recovered","Date":"2020-05-27T00:00:00Z"},{"Country":"Belgium","CountryCode":"","Province":"","City":"","CityCode":"","Lat":"0","Lon":"0","Cases":15572,"Status":"recovered","Date":"2020-05-28T00:00:00Z"},{"Country":"Belgium","CountryCode":"","Province":"","City":"","CityCode":"","Lat":"0","Lon":"0","Cases":15682,"Status":"recovered","Date":"2020-05-29T00:00:00Z"},{"Country":"Belgium","CountryCode":"","Province":"","City":"","CityCode":"","Lat":"0","Lon":"0","Cases":15769,"Status":"recovered","Date":"2020-05-30T00:00:00Z"},{"Country":"Belgium","CountryCode":"","Province":"","City":"","CityCode":"","Lat":"0","Lon":"0","Cases":15887,"Status":"recovered","Date":"2020-05-31T00:00:00Z"}]
