[{"Country":"Germany","CountryCode":"DE","Province":"","City":"","CityCode":"","Lat":"51.17","Lon":"10.45","Cases":16,"Status":"recovered","Date":"2020-03-01T00:00:00Z"},{"Country":"Germany","CountryCode":"DE","Province":"","City":"","CityCode":"","Lat":"51.17","Lon":"10.45","Cases":16,"Status":"recovered","Date":"2020-03-02T00:00:00Z"},{"Country":"Germany","CountryCode":"DE","Province":"","City":"","CityCode":"","Lat":"51.17","Lon":"10.45","Cases":16,"Status":"recovered","Date":"2020-03-03T00:00:00Z"},{"Country":"Germany","CountryCode":"DE","Province":"","City":"","CityCode":"","Lat":"51.17","Lon":"10.45","Cases":16,"Status":"recovered","Date":"2020-03-04T00:00:00Z"},{"Country":"Germany","CountryCode":"DE","Province":"","City":"","CityCode":"","Lat":"51.17","Lon":"10.45","Cases":16,"Status":"recovered","Date":"2020-03-05T00:00:00Z"},{"Country":"Germany","CountryCode":"DE","Province":"","City":"","CityCode":"","Lat":"51.17","Lon":"10.45","Cases":17,"Status":"recovered","Date":"2020-03-06T00:00:00Z"},{"Country":"Germany","CountryCode":"DE","Province":"","City":"","CityCode":"","Lat":"51.17","Lon":"10.45","Cases":18,"Status":"recovered","Date":"2020-03-07T00:00:00Z"},{"Country":"Germany","CountryCode":"DE","Province":"","City":"","CityCode":"","Lat":"51.17","Lon":"10.45","Cases":18,"Status":"recovered","Date":"2020-03-08T00:00:00Z"},{"Country":"Germany","CountryCode":"DE","Province":"","City":"","CityCode":"","Lat":"51.17","Lon":"10.45","Cases":18,"Status":"recovered","Date":"2020-03-09T00:00:00Z"},{"Country":"Germany","CountryCode":"DE","Province":"","City":"","CityCode":"","Lat":"51.17","Lon":"10.45","Cases":18,"Status":"recovered","Date":"2020-03-10T00:00:00Z"},{"Country":"Germany","CountryCode":"DE","Province":"","City":"","CityCode":"","Lat":"51.17","Lon":"10.45","Cases":25,"Status":"recovered","Date":"2020-03-11T00:00:00Z"},{"Country":"Germany","CountryCode":"DE","Province":"","City":"","CityCode":"","Lat":"51.17","Lon":"10.45","Cases":25,"Status":"recovered","Date":"2020-03-12T00:00:00Z"},{"Country":"Germany","CountryCode":"DE","Province":"","City":"","CityCode":"","Lat":"51.17","Lon":"10.45","Cases":46,"Status":"recovered","Date":"2020-03-13T00:00:00Z"},{"Country":"Germany","CountryCode":"DE","Province":"","City":"","CityCode":"","Lat":"51.17","Lon":"10.45","Cases":46,"Status":"recovered","Date":"2020-03-14T00:00:00Z"},{"Country":"Germany","CountryCode":"DE","Province":"","City":"","CityCode":"","Lat":"51.17","Lon":"10.45","Cases":46,"Status":"recovered","Date":"2020-03-15T00:00:00Z"},{"Country":"Germany","CountryCode":"DE","Province":"","City":"","CityCode":"","Lat":"51.17","Lon":"10.45","Cases":67,"Status":"recovered","Date":"2020-03-16T00:00:00Z"},{"Country":"Germany","CountryCode":"DE","Province":"","City":"","CityCode":"","Lat":"51.17","Lon":"10.45","Cases":67,"Status":"recovered","Date":"2020-03-17T00:00:00Z"},{"Country":"Germany","CountryCode":"DE","Province":"","City":"","CityCode":"","Lat":"51.17","Lon":"10.45","Cases":105,"Status":"recovered","Date":"2020-03-18T00:00:00Z"},{"Country":"Germany","CountryCode":"DE","Province":"","City":"","CityCode":"","Lat":"51.17","Lon":"10.45","Cases":113,"Status":"recovered","Date":"2020-03-19T00:00:00Z"},{"Country":"Germany","CountryCode":"DE","Province":"","City":"","CityCode":"","Lat":"51.17","Lon":"10.45","Cases":180,"Status":"recovered","Date":"2020-03-20T00:00:00Z"},{"Country":"Germany","CountryCode":"DE","Province":"","City":"","CityCode":"","Lat":"51.17","Lon":"10.45","Cases":233,"Status":"recovered","Date":"2020-03-21T00:00:00Z"},{"Country":"Germany","CountryCode":"DE","Province":"","City":"","CityCode":"","Lat":"51.17","Lon":"10.45","Cases":266,"Status":"recovered","Date":"2020-03-22T00:00:00Z"},{"Country":"Germany","CountryCode":"DE","Province":"","City":"","CityCode":"","Lat":"51.17","Lon":"10.45","Cases":266,"Status":"recovered","Date":"2020-03-23T00:00:00Z"},{"Country":"Germany","CountryCode":"DE","Province":"","City":"","CityCode":"","Lat":"51.17","Lon":"10.45","Cases":3243,"Status":"recovered","Date":"2020-03-24T00:00:00Z"},{"Country":"Germany","CountryCode":"DE","Province":"","City":"","CityCode":"","Lat":"51.17","Lon":"10.45","Cases":3547,"Status":"recovered","Date":"2020-03-25T00:00:00Z"},{"Country":"Germany","CountryCode":"DE","Province":"","City":"","CityCode":"","Lat":"51.17","Lon":"10.45","Cases":5673,"Status":"recovered","Date":"2020-03-26T00:00:00Z"},{"Country":"Germany","CountryCode":"DE","Province":"","City":"","CityCode":"","Lat":"51.17","Lon":"10.45","Cases":6658,"Status":"recovered","Date":"2020-03-27T00:00:00Z"},{"Country":"Germany","CountryCode":"DE","Province":"","City":"","CityCode":"","Lat":"51.17","Lon":"10.45","Cases":8481,"Status":"recovered","Date":"2020-03-28T00:00:00Z"},{"Country":"Germany","CountryCode":"DE","Province":"","City":"","CityCode":"","Lat":"51.17","Lon":"10.45","Cases":9211,"Status":"recovered","Date":"2020-03-29T00:00:00Z"},{"Country":"Germany","CountryCode":"DE","Province":"","City":"","CityCode":"","Lat":"51.17","Lon":"10.45","Cases":13500,"Status":"recovered","Date":"2020-03-30T00:00:00Z"},{"Country":"Germany","CountryCode":"DE","Province":"","City":"","CityCode":"","Lat":"51.17","Lon":"10.45","Cases":16100,"Status":"recovered","Date":"2020-03-31T00:00:00Z"},{"Country":"Germany","CountryCode":"DE","Province":"","City":"","CityCode":"","Lat":"51.17","Lon":"10.45","Cases":18700,"Status":"recovered","Date":"2020-04-01T00:00:00Z"},{"Country":"Germany","CountryCode":"DE","Province":"","City":"","CityCode":"","Lat":"51.17","Lon":"10.45","Cases":22440,"Status":"recovered","Date":"2020-04-02T00:00:00Z"},{"Country":"Germany","CountryCode":"DE","Province":"","City":"","CityCode":"","Lat":"51.17","Lon":"10.45","Cases":24575,"Status":"recovered","Date":"2020-04-03T00:00:00Z"},{"Country":"Germany","CountryCode":"DE","Province":"","City":"","CityCode":"","Lat":"51.17","Lon":"10.45","Cases":26400,"Status":"recovered","Date":"2020-04-04T00:00:00Z"},{"Country":"Germany","CountryCode":"DE","Province":"","City":"","CityCode":"","Lat":"51.17","Lon":"10.45","Cases":28700,"Status":"recovered","Date":"2020-04-05T00:00:00Z"},{"Country":"Germany","CountryCode":"DE","Province":"","City":"","CityCode":"","Lat":"51.17","Lon":"10.45","Cases":28700,"Status":"recovered","Date":"2020-04-06T00:00:00Z"},{"Country":"Germany","CountryCode":"DE","Province":"","City":"","CityCode":"","Lat":"51.17","Lon":"10.45","Cases":36081,"Status":"recovered","Date":"2020-04-07T00:00:00Z"},{"Country":"Germany","CountryCode":"DE","Province":"","City":"","CityCode":"","Lat":"51.17","Lon":"10.45","Cases":46300,"Status":"recovered","Date":"2020-04-08T00:00:00Z"},{"Country":"Germany","CountryCode":"DE","Province":"","City":"","CityCode":"","Lat":"51.17","Lon":"10.45","Cases":52407,"Status":"recovered","Date":"2020-04-09T00:00:00Z"},{"Country":"Germany","CountryCode":"DE","Province":"","City":"","CityCode":"","Lat":"51.17","Lon":"10.45","Cases":53913,"Status":"recovered","Date":"2020-04-10T00:00:00Z"},{"Country":"Germany","CountryCode":"DE","Province":"","City":"","CityCode":"","Lat":"51.17","Lon":"10.45","Cases":57400,"Status":"recovered","Date":"2020-04-11T00:00:00Z"},{"Country":"Germany","CountryCode":"DE","Province":"","City":"","CityCode":"","Lat":"51.17","Lon":"10.45","Cases":60300,"Status":"recovered","Date":"2020-04-12T00:00:00Z"},{"Country":"Germany","CountryCode":"DE","Province":"","City":"","CityCode":"","Lat":"51.17","Lon":"10.45","Cases":64300,"Status":"recovered","Date":"2020-04-13T00:00:00Z"},{"Country":"Germany","CountryCode":"DE","Province":"","City":"","CityCode":"","Lat":"51.17","Lon":"10.45","Cases":68200,"Status":"recovered","Date":"2020-04-14T00:00:00Z"},{"Country":"Germany","CountryCode":"DE","Province":"","City":"","CityCode":"","Lat":"51.17","Lon":"10.45","Cases":72600,"Status":"recovered","Date":"2020-04-15T00:00:00Z"},{"Country":"Germany","CountryCode":"DE","Province":"","City":"","CityCode":"","Lat":"51.17","Lon":"10.45","Cases":77000,"Status":"recovered","Date":"2020-04-16T00:00:00Z"},{"Country":"Germany","CountryCode":"DE","Province":"","City":"","CityCode":"","Lat":"51.17","Lon":"10.45","Cases":83114,"Status":"recovered","Date":"2020-04-17T00:00:00Z"},{"Country":"Germany","CountryCode":"DE","Province":"","City":"","CityCode":"","Lat":"51.17","Lon":"10.45","Cases":85400,"Status":"recovered","Date":"2020-04-18T00:00:00Z"},{"Country":"Germany","CountryCode":"DE","Province":"","City":"","CityCode":"","Lat":"51.17","Lon":"10.45","Cases":88000,"Status":"recovered","Date":"2020-04-19T00:00:00Z"},{"Country":"Germany","CountryCode":"DE","Province":"","City":"","CityCode":"","Lat":"51.17","Lon":"10.45","Cases":91500,"Status":"recovered","Date":"2020-04-20T00:00:00Z"},{"Country":"Germany","CountryCode":"DE","Province":"","City":"","CityCode":"","Lat":"51.17","Lon":"10.45","Cases":95200,"Status":"recovered","Date":"2020-04-21T00:00:00Z"},{"Country":"Germany","CountryCode":"DE","Province":"","City":"","CityCode":"","Lat":"51.17","Lon":"10.45","Cases":99400,"Status":"recovered","Date":"2020-04-22T00:00:00Z"},{"Country":"Germany","CountryCode":"DE","Province":"","City":"","CityCode":"","Lat":"51.17","Lon":"10.45","Cases":103300,"Status":"recovered","Date":"2020-04-23T00:00:00Z"},{"Country":"Germany","CountryCode":"DE","Province":"","City":"","CityCode":"","Lat":"51.17","Lon":"10.45","Cases":109800,"Status":"recovered","Date":"2020-04-24T00:00:00Z"},{"Country":"Germany","CountryCode":"DE","Province":"","City":"","CityCode":"","Lat":"51.17","Lon":"10.45","Cases":109800,"Status":"recovered","Date":"2020-04-25T00:00:00Z"},{"Country":"Germany","CountryCode":"DE","Province":"","City":"","CityCode":"","Lat":"51.17","Lon":"10.45","Cases":112000,"Status":"recovered","Date":"2020-04-26T00:00:00Z"},{"Country":"Germany","CountryCode":"DE","Province":"","City":"","CityCode":"","Lat":"51.17","Lon":"10.45","Cases":114500,"Status":"recovered","Date":"2020-04-27T00:00:00Z"},{"Country":"Germany","CountryCode":"DE","Province":"","City":"","CityCode":"","Lat":"51.17","Lon":"10.45","Cases":117400,"Status":"recovered","Date":"2020-04-28T00:00:00Z"},{"Country":"Germany","CountryCode":"DE","Province":"","City":"","CityCode":"","Lat":"51.17","Lon":"10.45","Cases":120400,"Status":"recovered","Date":"2020-04-29T00:00:00Z"},{"Country":"Germany","CountryCode":"DE","Province":"","City":"","CityCode":"","Lat":"51.17","Lon":"10.45","Cases":123500,"Status":"recovered","Date":"2020-04-30T00:00:00Z"},{"Country":"Germany","CountryCode":"DE","Province":"","City":"","CityCode":"","Lat":"51.17","Lon":"10.45","Cases":126900,"Status":"recovered","Date":"2020-05-01T00:00:00Z"},{"Country":"Germany","CountryCode":"DE","Province":"","City":"","CityCode":"","Lat":"51.17","Lon":"10.45","Cases":129000,"Status":"recovered","Date":"2020-05-02T00:00:00Z"},{"Country":"Germany","CountryCode":"DE","Province":"","City":"","CityCode":"","Lat":"51.17","Lon":"10.45","Cases":130600,"Status":"recovered","Date":"2020-05-03T00:00:00Z"},{"Country":"Germany","CountryCode":"DE","Province":"","City":"","CityCode":"","Lat":"51.17","Lon":"10.45","Cases":132700,"Status":"recovered","Date":"2020-05-04T00:00:00Z"},{"Country":"Germany","CountryCode":"DE","Province":"","City":"","CityCode":"","Lat":"51.17","Lon":"10.45","Cases":135100,"Status":"recovered","Date":"2020-05-05T00:00:00Z"},{"Country":"Germany","CountryCode":"DE","Province":"","City":"","CityCode":"","Lat":"51.17","Lon":"10.45","Cases":139900,"Status":"recovered","Date":"2020-05-06T00:00:00Z"},{"Country":"Germany","CountryCode":"DE","Province":"","City":"","CityCode":"","Lat":"51.17","Lon":"10.45","Cases":141700,"Status":"recovered","Date":"2020-05-07T00:00:00Z"},{"Country":"Germany","CountryCode":"DE","Province":"","City":"","CityCode":"","Lat":"51.17","Lon":"10.45","Cases":141700,"Status":"recovered","Date":"2020-05-08T00:00:00Z"},{"Country":"Germany","CountryCode":"DE","Province":"","City":"","CityCode":"","Lat":"51.17","Lon":"10.45","Cases":143300,"Status":"recovered","Date":"2020-05-09T00:00:00Z"},{"Country":"Germany","CountryCode":"DE","Province":"","City":"","CityCode":"","Lat":"51.17","Lon":"10.45","Cases":144400,"Status":"recovered","Date":"2020-05-10T00:00:00Z"},{"Country":"Germany","CountryCode":"DE","Province":"","City":"","CityCode":"","Lat":"51.17","Lon":"10.45","Cases":145617,"Status":"recovered","Date":"2020-05-11T00:00:00Z"},{"Country":"Germany","CountryCode":"DE","Province":"","City":"","CityCode":"","Lat":"51.17","Lon":"10.45","Cases":147200,"Status":"recovered","Date":"2020-05-12T00:00:00Z"},{"Country":"Germany","CountryCode":"DE","Province":"","City":"","CityCode":"","Lat":"51.17","Lon":"10.45","Cases":148700,"Status":"recovered","Date":"2020-05-13T00:00:00Z"},{"Country":"Germany","CountryCode":"DE","Province":"","City":"","CityCode":"","Lat":"51.17","Lon":"10.45","Cases":150300,"Status":"recovered","Date":"2020-05-14T00:00:00Z"},{"Country":"Germany","CountryCode":"DE","Province":"","City":"","CityCode":"","Lat":"51.17","Lon":"10.45","Cases":151597,"Status":"recovered","Date":"2020-05-15T00:00:00Z"},{"Country":"Germany","CountryCode":"DE","Province":"","City":"","CityCode":"","Lat":"51.17","Lon":"10.45","Cases":152600,"Status":"recovered","Date":"2020-05-16T00:00:00Z"},{"Country":"Germany","CountryCode":"DE","Province":"","City":"","CityCode":"","Lat":"51.17","Lon":"10.45","Cases":154011,"Status":"recovered","Date":"2020-05-17T00:00:00Z"},{"Country":"Germany","CountryCode":"DE","Province":"","City":"","CityCode":"","Lat":"51.17","Lon":"10.45","Cases":155041,"Status":"recovered","Date":"2020-05-18T00:00:00Z"},{"Country":"Germany","CountryCode":"DE","Province":"","City":"","CityCode":"","Lat":"51.17","Lon":"10.45","Cases":155681,"Status":"recovered","Date":"2020-05-19T00:00:00Z"},{"Country":"Germany","CountryCode":"DE","Province":"","City":"","CityCode":"","Lat":"51.17","Lon":"10.45","Cases":156966,"Status":"recovered","Date":"2020-05-20T00:00:00Z"},{"Country":"Germany","CountryCode":"DE","Province":"","City":"","CityCode":"","Lat":"51.17","Lon":"10.45","Cases":158087,"Status":"recovered","Date":"2020-05-21T00:00:00Z"},{"Country":"Germany","CountryCode":"DE","Province":"","City":"","CityCode":"","Lat":"51.17","Lon":"10.45","Cases":159064,"Status":"recovered","Date":"2020-05-22T00:00:00Z"},{"Country":"Germany","CountryCode":"DE","Province":"","City":"","CityCode":"","Lat":"51.17","Lon":"10.45","Cases":159716,"Status":"recovered","Date":"2020-05-23T00:00:00Z"},{"Country":"Germany","CountryCode":"DE","Province":"","City":"","CityCode":"","Lat":"51.17","Lon":"10.45","Cases":160281,"Status":"recovered","Date":"2020-05-24T00:00:00Z"},{"Country":"Germany","CountryCode":"DE","Province":"","City":"","CityCode":"","Lat":"51.17","Lon":"10.45","Cases":161199,"Status":"recovered","Date":"2020-05-25T00:00:00Z"},{"Country":"Germany","CountryCode":"DE","Province":"","City":"","CityCode":"","Lat":"51.17","Lon":"10.45","Cases":161967,"Status":"recovered","Date":"2020-05-26T00:00:00Z"},{"Country":"Germany","CountryCode":"DE","Province":"","City":"","CityCode":"","Lat":"51.17","Lon":"10.45","Cases":162820,"Status":"recovered","Date":"2020-05-27T00:00:00Z"},{"Country":"Germany","CountryCode":"DE","Province":"","City":"","CityCode":"","Lat":"51.17","Lon":"10.45","Cases":163360,"Status":"recovered","Date":"2020-05-28T00:00:00Z"},{"Country":"Germany","CountryCode":"DE","Province":"","City":"","CityCode":"","Lat":"51.17","Lon":"10.45","Cases":164245,"Status":"recovered","Date":"2020-05-29T00:00:00Z"},{"Country":"Germany","CountryCode":"DE","Province":"","City":"","CityCode":"","Lat":"51.17","Lon":"10.45","Cases":164908,"Status":"recovered","Date":"2020-05-30T00:00:00Z"},{"Country":"Germany","CountryCode":"DE","Province":"","City":"","CityCode":"","Lat":"51.17","Lon":"10.45","Cases":165352,"Status":"recovered","Date":"2020-05-31T00:00:00Z"}]
