[{"Country":"Italy","CountryCode":"IT","Province":"","City":"","CityCode":"","Lat":"41.87","Lon":"12.57","Cases":83,"Status":"recovered","Date":"2020-03-01T00:00:00Z"},{"Country":"Italy","CountryCode":"IT","Province":"","City":"","CityCode":"","Lat":"41.87","Lon":"12.57","Cases":149,"Status":"recovered","Date":"2020-03-02T00:00:00Z"},{"Country":"Italy","CountryCode":"IT","Province":"","City":"","CityCode":"","Lat":"41.87","Lon":"12.57","Cases":160,"Status":"recovered","Date":"2020-03-03T00:00:00Z"},{"Country":"Italy","CountryCode":"IT","Province":"","City":"","CityCode":"","Lat":"41.87","Lon":"12.57","Cases":276,"Status":"recovered","Date":"2020-03-04T00:00:00Z"},{"Country":"Italy","CountryCode":"IT","Province":"","City":"","CityCode":"","Lat":"41.87","Lon":"12.57","Cases":414,"Status":"recovered","Date":"2020-03-05T00:00:00Z"},{"Country":"Italy","CountryCode":"IT","Province":"","City":"","CityCode":"","Lat":"41.87","Lon":"12.57","Cases":523,"Status":"recovered","Date":"2020-03-06T00:00:00Z"},{"Country":"Italy","CountryCode":"IT","Province":"","City":"","CityCode":"","Lat":"41.87","Lon":"12.57","Cases":589,"Status":"recovered","Date":"2020-03-07T00:00:00Z"},{"Country":"Italy","CountryCode":"IT","Province":"","City":"","CityCode":"","Lat":"41.87","Lon":"12.57","Cases":622,"Status":"recovered","Date":"2020-03-08T00:00:00Z"},{"Country":"Italy","CountryCode":"IT","Province":"","City":"","CityCode":"","Lat":"41.87","Lon":"12.57","Cases":724,"Status":"recovered","Date":"2020-03-09T00:00:00Z"},{"Country":"Italy","CountryCode":"IT","Province":"","City":"","CityCode":"","Lat":"41.87","Lon":"12.57","Cases":724,"Status":"recovered","Date":"2020-03-10T00:00:00Z"},{"Country":"Italy","CountryCode":"IT","Province":"","City":"","CityCode":"","Lat":"41.87","Lon":"12.57","Cases":1045,"Status":"recovered","Date":"2020-03-11T00:00:00Z"},{"Country":"Italy","CountryCode":"IT","Province":"","City":"","CityCode":"","Lat":"41.87","Lon":"12.57","Cases":1045,"Status":"recovered","Date":"2020-03-12T00:00:00Z"},{"Country":"Italy","CountryCode":"IT","Province":"","City":"","CityCode":"","Lat":"41.87","Lon":"12.57","Cases":1439,"Status":"recovered","Date":"2020-03-13T00:00:00Z"},{"Country":"Italy","CountryCode":"IT","Province":"","City":"","CityCode":"","Lat":"41.87","Lon":"12.57","Cases":1966,"Status":"recovered","Date":"2020-03-14T00:00:00Z"},{"Country":"Italy","CountryCode":"IT","Province":"","City":"","CityCode":"","Lat":"41.87","Lon":"12.57","Cases":2335,"Status":"recovered","Date":"2020-03-15T00:00:00Z"},{"Country":"Italy","CountryCode":"IT","Province":"","City":"","CityCode":"","Lat":"41.87","Lon":"12.57","Cases":2749,"Status":"recovered","Date":"2020-03-16T00:00:00Z"},{"Country":"Italy","CountryCode":"IT","Province":"","City":"","CityCode":"","Lat":"41.87","Lon":"12.57","Cases":2941,"Status":"recovered","Date":"2020-03-17T00:00:00Z"},{"Country":"Italy","CountryCode":"IT","Province":"","City":"","CityCode":"","Lat":"41.87","Lon":"12.57","Cases":4025,"Status":"recovered","Date":"2020-03-18T00:00:00Z"},{"Country":"Italy","CountryCode":"IT","Province":"","City":"","CityCode":"","Lat":"41.87","Lon":"12.57","Cases":4440,"Status":"recovered","Date":"2020-03-19T00:00:00Z"},{"Country":"Italy","CountryCode":"IT","Province":"","City":"","CityCode":"","Lat":"41.87","Lon":"12.57","Cases":4440,"Status":"recovered","Date":"2020-03-20T00:00:00Z"},{"Country":"Italy","CountryCode":"IT","Province":"","City":"","CityCode":"","Lat":"41.87","Lon":"12.57","Cases":6072,"Status":"recovered","Date":"2020-03-21T00:00:00Z"},{"Country":"Italy","CountryCode":"IT","Province":"","City":"","CityCode":"","Lat":"41.87","Lon":"12.57","Cases":7024,"Status":"recovered","Date":"2020-03-22T00:00:00Z"},{"Country":"Italy","CountryCode":"IT","Province":"","City":"","CityCode":"","Lat":"41.87","Lon":"12.57","Cases":7024,"Status":"recovered","Date":"2020-03-23T00:00:00Z"},{"Country":"Italy","CountryCode":"IT","Province":"","City":"","CityCode":"","Lat":"41.87","Lon":"12.57","Cases":8326,"Status":"recovered","Date":"2020-03-24T00:00:00Z"},{"Country":"Italy","CountryCode":"IT","Province":"","City":"","CityCode":"","Lat":"41.87","Lon":"12.57","Cases":9362,"Status":"recovered","Date":"2020-03-25T00:00:00Z"},{"Country":"Italy","CountryCode":"IT","Province":"","City":"","CityCode":"","Lat":"41.87","Lon":"12.57","Cases":10361,"Status":"recovered","Date":"2020-03-26T00:00:00Z"},{"Country":"Italy","CountryCode":"IT","Province":"","City":"","CityCode":"","Lat":"41.87","Lon":"12.57","Cases":10950,"Status":"recovered","Date":"2020-03-27T00:00:00Z"},{"Country":"Italy","CountryCode":"IT","Province":"","City":"","CityCode":"","Lat":"41.87","Lon":"12.57","Cases":12384,"Status":"recovered","Date":"2020-03-28T00:00:00Z"},{"Country":"Italy","CountryCode":"IT","Province":"","City":"","CityCode":"","Lat":"41.87","Lon":"12.57","Cases":13030,"Status":"recovered","Date":"2020-03-29T00:00:00Z"},{"Country":"Italy","CountryCode":"IT","Province":"","City":"","CityCode":"","Lat":"41.87","Lon":"12.57","Cases":14620,"Status":"recovered","Date":"2020-03-30T00:00:00Z"},{"Country":"Italy","CountryCode":"IT","Province":"","City":"","CityCode":"","Lat":"41.87","Lon":"12.57","Cases":15729,"Status":"recovered","Date":"2020-03-31T00:00:00Z"},{"Country":"Italy","CountryCode":"IT","Province":"","City":"","CityCode":"","Lat":"41.87","Lon":"12.57","Cases":16847,"Status":"recovered","Date":"2020-04-01T00:00:00Z"},{"Country":"Italy","CountryCode":"IT","Province":"","City":"","CityCode":"","Lat":"41.87","Lon":"12.57","Cases":18278,"Status":"recovered","Date":"2020-04-02T00:00:00Z"},{"Country":"Italy","CountryCode":"IT","Province":"","City":"","CityCode":"","Lat":"41.87","Lon":"12.57","Cases":19758,"Status":"recovered","Date":"2020-04-03T00:00:00Z"},{"Country":"Italy","CountryCode":"IT","Province":"","City":"","CityCode":"","Lat":"41.87","Lon":"12.57","Cases":20996,"Status":"recovered","Date":"2020-04-04T00:00:00Z"},{"Country":"Italy","CountryCode":"IT","Province":"","City":"","CityCode":"","Lat":"41.87","Lon":"12.57","Cases":21815,"Status":"recovered","Date":"2020-04-05T00:00:00Z"},{"Country":"Italy","CountryCode":"IT","Province":"","City":"","CityCode":"","Lat":"41.87","Lon":"12.57","Cases":22837,"Status":"recovered","Date":"2020-04-06T00:00:00Z"},{"Country":"Italy","CountryCode":"IT","Province":"","City":"","CityCode":"","Lat":"41.87","Lon":"12.57","Cases":24392,"Status":"recovered","Date":"2020-04-07T00:00:00Z"},{"Country":"Italy","CountryCode":"IT","Province":"","City":"","CityCode":"","Lat":"41.87","Lon":"12.57","Cases":26491,"Status":"recovered","Date":"2020-04-08T00:00:00Z"},{"Country":"Italy","CountryCode":"IT","Province":"","City":"","CityCode":"","Lat":"41.87","Lon":"12.57","Cases":28470,"Status":"recovered","Date":"2020-04-09T00:00:00Z"},{"Country":"Italy","CountryCode":"IT","Province":"","City":"","CityCode":"","Lat":"41.87","Lon":"12.57","Cases":30455,"Status":"recovered","Date":"2020-04-10T00:00:00Z"},{"Country":"Italy","CountryCode":"IT","Province":"","City":"","CityCode":"","Lat":"41.87","Lon":"12.57","Cases":32534,"Status":"recovered","Date":"2020-04-11T00:00:00Z"},{"Country":"Italy","CountryCode":"IT","Province":"","City":"","CityCode":"","Lat":"41.87","Lon":"12.57","Cases":34211,"Status":"recovered","Date":"2020-04-12T00:00:00Z"},{"Country":"Italy","CountryCode":"IT","Province":"","City":"","CityCode":"","Lat":"41.87","Lon":"12.57","Cases":35435,"Status":"recovered","Date":"2020-04-13T00:00:00Z"},{"Country":"Italy","CountryCode":"IT","Province":"","City":"","CityCode":"","Lat":"41.87","Lon":"12.57","Cases":37130,"Status":"recovered","Date":"2020-04-14T00:00:00Z"},{"Country":"Italy","CountryCode":"IT","Province":"","City":"","CityCode":"","Lat":"41.87","Lon":"12.57","Cases":38092,"Status":"recovered","Date":"2020-04-15T00:00:00Z"},{"Country":"Italy","CountryCode":"IT","Province":"","City":"","CityCode":"","Lat":"41.87","Lon":"12.57","Cases":40164,"Status":"recovered","Date":"2020-04-16T00:00:00Z"},{"Country":"Italy","CountryCode":"IT","Province":"","City":"","CityCode":"","Lat":"41.87","Lon":"12.57","Cases":42727,"Status":"recovered","Date":"2020-04-17T00:00:00Z"},{"Country":"Italy","CountryCode":"IT","Province":"","City":"","CityCode":"","Lat":"41.87","Lon":"12.57","Cases":44927,"Status":"recovered","Date":"2020-04-18T00:00:00Z"},{"Country":"Italy","CountryCode":"IT","Province":"","City":"","CityCode":"","Lat":"41.87","Lon":"12.57","Cases":47055,"Status":"recovered","Date":"2020-04-19T00:00:00Z"},{"Country":"Italy","CountryCode":"IT","Province":"","City":"","CityCode":"","Lat":"41.87","Lon":"12.57","Cases":48877,"Status":"recovered","Date":"2020-04-20T00:00:00Z"},{"Country":"Italy","CountryCode":"IT","Province":"","City":"","CityCode":"","Lat":"41.87","Lon":"12.57","Cases":51600,"Status":"recovered","Date":"2020-04-21T00:00:00Z"},{"Country":"Italy","CountryCode":"IT","Province":"","City":"","CityCode":"","Lat":"41.87","Lon":"12.57","Cases":54543,"Status":"recovered","Date":"2020-04-22T00:00:00Z"},{"Country":"Italy","CountryCode":"IT","Province":"","City":"","CityCode":"","Lat":"41.87","Lon":"12.57","Cases":57576,"Status":"recovered","Date":"2020-04-23T00:00:00Z"},{"Country":"Italy","CountryCode":"IT","Province":"","City":"","CityCode":"","Lat":"41.87","Lon":"12.57","Cases":60498,"Status":"recovered","Date":"2020-04-24T00:00:00Z"},{"Country":"Italy","CountryCode":"IT","Province":"","City":"","CityCode":"","Lat":"41.87","Lon":"12.57","Cases":63120,"Status":"recovered","Date":"2020-04-25T00:00:00Z"},{"Country":"Italy","CountryCode":"IT","Province":"","City":"","CityCode":"","Lat":"41.87","Lon":"12.57","Cases":64928,"Status":"recovered","Date":"2020-04-26T00:00:00Z"},{"Country":"Italy","CountryCode":"IT","Province":"","City":"","CityCode":"","Lat":"41.87","Lon":"12.57","Cases":66624,"Status":"recovered","Date":"2020-04-27T00:00:00Z"},{"Country":"Italy","CountryCode":"IT","Province":"","City":"","CityCode":"","Lat":"41.87","Lon":"12.57","Cases":68941,"Status":"recovered","Date":"2020-04-28T00:00:00Z"},{"Country":"Italy","CountryCode":"IT","Province":"","City":"","CityCode":"","Lat":"41.87","Lon":"12.57","Cases":71252,"Status":"recovered","Date":"2020-04-29T00:00:00Z"},{"Country":"Italy","CountryCode":"IT","Province":"","City":"","CityCode":"","Lat":"41.87","Lon":"12.57","Cases":75945,"Status":"recovered","Date":"2020-04-30T00:00:00Z"},{"Country":"Italy","CountryCode":"IT","Province":"","City":"","CityCode":"","Lat":"41.87","Lon":"12.57","Cases":78249,"Status":"recovered","Date":"2020-05-01T00:00:00Z"},{"Country":"Italy","CountryCode":"IT","Province":"","City":"","CityCode":"","Lat":"41.87","Lon":"12.57","Cases":79914,"Status":"recovered","Date":"2020-05-02T00:00:00Z"},{"Country":"Italy","CountryCode":"IT","Province":"","City":"","CityCode":"","Lat":"41.87","Lon":"12.57","Cases":81654,"Status":"recovered","Date":"2020-05-03T00:00:00Z"},{"Country":"Italy","CountryCode":"IT","Province":"","City":"","CityCode":"","Lat":"41.87","Lon":"12.57","Cases":82879,"Status":"recovered","Date":"2020-05-04T00:00:00Z"},{"Country":"Italy","CountryCode":"IT","Province":"","City":"","CityCode":"","Lat":"41.87","Lon":"12.57","Cases":85231,"Status":"recovered","Date":"2020-05-05T00:00:00Z"},{"Country":"Italy","CountryCode":"IT","Province":"","City":"","CityCode":"","Lat":"41.87","Lon":"12.57","Cases":93245,"Status":"recovered","Date":"2020-05-06T00:00:00Z"},{"Country":"Italy","CountryCode":"IT","Province":"","City":"","CityCode":"","Lat":"41.87","Lon":"12.57","Cases":96276,"Status":"recovered","Date":"2020-05-07T00:00:00Z"},{"Country":"Italy","CountryCode":"IT","Province":"","City":"","CityCode":"","Lat":"41.87","Lon":"12.57","Cases":99023,"Status":"recovered","Date":"2020-05-08T00:00:00Z"},{"Country":"Italy","CountryCode":"IT","Province":"","City":"","CityCode":"","Lat":"41.87","Lon":"12.57","Cases":103031,"Status":"recovered","Date":"2020-05-09T00:00:00Z"},{"Country":"Italy","CountryCode":"IT","Province":"","City":"","CityCode":"","Lat":"41.87","Lon":"12.57","Cases":105186,"Status":"recovered","Date":"2020-05-10T00:00:00Z"},{"Country":"Italy","CountryCode":"IT","Province":"","City":"","CityCode":"","Lat":"41.87","Lon":"12.57","Cases":106587,"Status":"recovered","Date":"2020-05-11T00:00:00Z"},{"Country":"Italy","CountryCode":"IT","Province":"","City":"","CityCode":"","Lat":"41.87","Lon":"12.57","Cases":109039,"Status":"recovered","Date":"2020-05-12T00:00:00Z"},{"Country":"Italy","CountryCode":"IT","Province":"","City":"","CityCode":"","Lat":"41.87","Lon":"12.57","Cases":112541,"Status":"recovered","Date":"2020-05-13T00:00:00Z"},{"Country":"Italy","CountryCode":"IT","Province":"","City":"","CityCode":"","Lat":"41.87","Lon":"12.57","Cases":115288,"Status":"recovered","Date":"2020-05-14T00:00:00Z"},{"Country":"Italy","CountryCode":"IT","Province":"","City":"","CityCode":"","Lat":"41.87","Lon":"12.57","Cases":120205,"Status":"recovered","Date":"2020-05-15T00:00:00Z"},{"Country":"Italy","CountryCode":"IT","Province":"","City":"","CityCode":"","Lat":"41.87","Lon":"12.57","Cases":122810,"Status":"recovered","Date":"2020-05-16T00:00:00Z"},{"Country":"Italy","CountryCode":"IT","Province":"","City":"","CityCode":"","Lat":"41.87","Lon":"12.57","Cases":125176,"Status":"recovered","Date":"2020-05-17T00:00:00Z"},{"Country":"Italy","CountryCode":"IT","Province":"","City":"","CityCode":"","Lat":"41.87","Lon":"12.57","Cases":127326,"Status":"recovered","Date":"2020-05-18T00:00:00Z"},{"Country":"Italy","CountryCode":"IT","Province":"","City":"","CityCode":"","Lat":"41.87","Lon":"12.57","Cases":129401,"Status":"recovered","Date":"2020-05-19T00:00:00Z"},{"Country":"Italy","CountryCode":"IT","Province":"","City":"","CityCode":"","Lat":"41.87","Lon":"12.57","Cases":132282,"Status":"recovered","Date":"2020-05-20T00:00:00Z"},{"Country":"Italy","CountryCode":"IT","Province":"","City":"","CityCode":"","Lat":"41.87","Lon":"12.57","Cases":134560,"Status":"recovered","Date":"2020-05-21T00:00:00Z"},{"Country":"Italy","CountryCode":"IT","Province":"","City":"","CityCode":"","Lat":"41.87","Lon":"12.57","Cases":136720,"Status":"recovered","Date":"2020-05-22T00:00:00Z"},{"Country":"Italy","CountryCode":"IT","Province":"","City":"","CityCode":"","Lat":"41.87","Lon":"12.57","Cases":138840,"Status":"recovered","Date":"2020-05-23T00:00:00Z"},{"Country":"Italy","CountryCode":"IT","Province":"","City":"","CityCode":"","Lat":"41.87","Lon":"12.57","Cases":140479,"Status":"recovered","Date":"2020-05-24T00:00:00Z"},{"Country":"Italy","CountryCode":"IT","Province":"","City":"","CityCode":"","Lat":"41.87","Lon":"12.57","Cases":141981,"Status":"recovered","Date":"2020-05-25T00:00:00Z"},{"Country":"Italy","CountryCode":"IT","Province":"","City":"","CityCode":"","Lat":"41.87","Lon":"12.57","Cases":144658,"Status":"recovered","Date":"2020-05-26T00:00:00Z"},{"Country":"Italy","CountryCode":"IT","Province":"","City":"","CityCode":"","Lat":"41.87","Lon":"12.57","Cases":147101,"Status":"recovered","Date":"2020-05-27T00:00:00Z"},{"Country":"Italy","CountryCode":"IT","Province":"","City":"","CityCode":"","Lat":"41.87","Lon":"12.57","Cases":150604,"Status":"recovered","Date":"2020-05-28T00:00:00Z"},{"Country":"Italy","CountryCode":"IT","Province":"","City":"","CityCode":"","Lat":"41.87","Lon":"12.57","Cases":152844,"Status":"recovered","Date":"2020-05-29T00:00:00Z"},{"Country":"Italy","CountryCode":"IT","Province":"","City":"","CityCode":"","Lat":"41.87","Lon":"12.57","Cases":155633,"Status":"recovered","Date":"2020-05-30T00:00:00Z"},{"Country":"Italy","CountryCode":"IT","Province":"","City":"","CityCode":"","Lat":"41.87","Lon":"12.57","Cases":157507,"Status":"recovered","Date":"2020-05-31T00:00:00Z"}]
